市场,产品线,竞争品牌,竞品型号,ASIN,ASIN Link,Sold_By,Price_2026-03-23,Price_2026-03-24,Price_2026-03-25,Price_2026-03-26
US,记录仪-小机器,ROVE,R2-4K DUAL,B0D6J5B98H,https://www.amazon.com/dp/B0D6J5B98H,ROVE Dash Cam,129.99,129.99,109.98,109.98
US,记录仪-小机器,VIOFO,A229 Plus,B0CKX14L34,https://www.amazon.com/dp/B0CKX14L34,VIOFO LTD,189.99,189.99,159.99,159.99
US,记录仪-小机器,Garmin,Dash Cam Mini 3,B0DDM7PFLW,https://www.amazon.com/dp/B0DDM7PFLW,Amazon.com,123.99,125.99,125.99,125.99
US,记录仪-小机器,70mai,M310,B09P14VT3C,https://www.amazon.com/dp/B09P14VT3C,70mai,32.99,32.99,27.98,27.98
US,记录仪-小机器,ROVE,R2-4K,B074JT3698,https://www.amazon.com/dp/B074JT3698,ROVE Dash Cam,99.99,99.99,74.99,74.99
US,记录仪-小机器,VIOFO,A119 Mini 2,B0C5MVB7NX,https://www.amazon.com/dp/B0C5MVB7NX,VIOFO LTD,104.49,104.49,85.99,85.99
US,记录仪-小机器,VIOFO,A229 Pro 2CH,B0CKYFSKNN,https://www.amazon.com/dp/B0CKYFSKNN,VIOFO LTD,279.99,279.99,219.98,219.98
US,记录仪-小机器,VIOFO,A329S 2CH,B0FFT3YBH7,https://www.amazon.com/dp/B0FFT3YBH7,VIOFO LTD,399.99,399.99,373.97,373.97
US,记录仪-小机器,VIOFO,A329S 3CH,B0FFT52P6R,https://www.amazon.com/dp/B0FFT52P6R,VIOFO LTD,469.99,469.99,429.98,429.98
US,记录仪-小机器,VANTRUE,N4S 3CH,B0FXWYWM8L,https://www.amazon.com/dp/B0FXWYWM8L,VANTRUE,219.99,219.99,174.99,174.99
US,记录仪-小机器,VANTRUE,N2X,B0D9GRRXH5,https://www.amazon.com/dp/B0D9GRRXH5,VANTRUE,199.99,199.99,89.99,199.99
US,记录仪-小机器,VANTRUE,N4 Pro S 3CH,B0FG7ZX4R4,https://www.amazon.com/dp/B0FG7ZX4R4,VANTRUE,319.98,319.98,299.99,299.99
US,记录仪-小机器,VANTRUE,E1 Pro,B0F8BQW4TR,https://www.amazon.com/dp/B0F8BQW4TR,VANTRUE,379.99,379.99,279.98,279.98
US,记录仪-小机器,VANTRUE,E360 Plus,B0FBGPSV5B,https://www.amazon.com/dp/B0FBGPSV5B,VANTRUE,249.99,249.99,249.99,249.99
US,记录仪-小机器,ROVE,R2-4K Pro,B0BZRKRBHP,https://www.amazon.com/dp/B0BZRKRBHP,ROVE Dash Cam,109.99,109.99,84.99,84.99
US,记录仪-小机器,VIOFO,A119M Pro,B0FY1PQ1GR,https://www.amazon.com/dp/B0FY1PQ1GR,VIOFO LTD,159.99,159.99,139.98,139.98
US,记录仪-小机器,70mai,A810S,B0C9TBZF8X,https://www.amazon.com/dp/B0C9TBZF8X,70mai,139.99,139.99,139.99,129.99
US,记录仪-小机器,70mai,A800SE-1,B09YCZ7PYW,https://www.amazon.com/dp/B09YCZ7PYW,70mai,89.99,79.99,69.98,69.98
US,记录仪-小机器,70mai,A510,B0D6C59PZ9,https://www.amazon.com/dp/B0D6C59PZ9,70mai,104.99,104.99,94.98,94.98
US,记录仪-小机器,70mai,T800,B0FGJ89XBJ,https://www.amazon.com/dp/B0FGJ89XBJ,70mai,359.99,359.99,299.97,299.97
US,记录仪-小机器,70mai,X800,B0DSBY97W9,https://www.amazon.com/dp/B0DSBY97W9,70mai,299.99,299.99,259.97,259.97
US,记录仪-小机器,DDPAI,Z90 MASTER 2CH,B0G3WMBG64,https://www.amazon.com/dp/B0G3WMBG64,DDPAI Globe,269.99,269.99,269.99,305.25
US,记录仪-小机器,DDPAI,Z90 MASTER 3CH,B0G3WQSQ8C,https://www.amazon.com/dp/B0G3WQSQ8C,DDPAI Globe,389.99,389.99,389.99,410.55
US,记录仪-小机器,GKU,D600,B0CBV154W1,https://www.amazon.com/dp/B0CBV154W1,GKU dash cam,49.99,49.99,49.99,49.99
US,记录仪-小机器,GKU,D600Pro,B0D4HBQR8G,https://www.amazon.com/dp/B0D4HBQR8G,GKU dash cam,69.99,62.69,62.69,62.69
US,记录仪-后视镜,Pelsee,P12 Pro,B0BF4WCZ8Q,https://www.amazon.com/dp/B0BF4WCZ8Q,Pelsee US,99.99,99.99,99.99,99.99
US,记录仪-后视镜,Pelsee,S12 Pro,B0F847CTQX,https://www.amazon.com/dp/B0F847CTQX,Pelsee US,149.99,149.99,129.99,129.99
US,记录仪-后视镜,Pelsee,P12 Plus,B0D7SQQ3NY,https://www.amazon.com/dp/B0D7SQQ3NY,Pelsee US,129.99,129.99,129.99,129.99
US,改装-车把手,Rough Country,/,B0D1T4DQ8B,https://www.amazon.com/dp/B0D1T4DQ8B,Amazon.com,699.95,699.95,699.95,699.95
US,洗车风枪,FRESMOL,/,B0CFQC4DB3,https://www.amazon.com/dp/B0CFQC4DB3,ADVENTURE DISCOVERY,28.49,28.49,25.62,25.62
US,洗车风枪,CAGIWIRU,/,B0FM43GXDJ,https://www.amazon.com/dp/B0FM43GXDJ,CAGIWIRU,22.00,22.00,20.77,20.77
US,洗车风枪,ZOAIVR,/,B0F5HNWHTX,https://www.amazon.com/dp/B0F5HNWHTX,XMKJ-Tech,39.99,39.99,37.99,37.99
US,洗车风枪,VASSON,/,B0DSHVRDJ6,https://www.amazon.com/dp/B0DSHVRDJ6,VASSON Official,39.99,39.99,36.88,36.88
US,洗车风枪,JVSCAM,X3,B0DQNMJ2CX,https://www.amazon.com/dp/B0DQNMJ2CX,JVSCAM-US,33.99,33.99,33.99,33.99
US,洗车风枪,Fanttik,B10 Pro Max,B0FH6PT5GC,https://www.amazon.com/dp/B0FH6PT5GC,Fanttik Innovation Direct,66.97,66.97,59.98,59.98
US,洗车风枪,Roedix,/,B0F53JRXZL,https://www.amazon.com/dp/B0F53JRXZL,Neaky,39.96,39.96,39.95,39.95
US,洗车风枪,ZOZOO,/,B0G11B7G3B,https://www.amazon.com/dp/B0G11B7G3B,MjjDirect,35.99,35.99,39.99,39.99
US,洗车风枪,Fanttik,B11 Pro Max,B0GLDY9SXR,https://www.amazon.com/dp/B0GLDY9SXR,Fanttik Innovation Direct,89.99,89.99,74.99,74.99
US,洗车风枪,Fanttik,Gust B11 Mix,B0GF7H1TJC,https://www.amazon.com/dp/B0GF7H1TJC,Fanttik Innovation Direct,79.99,79.99,69.99,69.99
US,洗车风枪,Fitnac,/,B0FSKLSXRQ,https://www.amazon.com/dp/B0FSKLSXRQ,Devizo,49.99,49.99,49.99,49.99
US,启动电源/亏电宝,NOCO,GB40,B015TKUPIC,https://www.amazon.com/dp/B015TKUPIC,Amazon Resale,99.95,99.95,99.95,99.95
US,启动电源/亏电宝,GOOLOO,A3,B0D4DLXNR1,https://www.amazon.com/dp/B0D4DLXNR1,GOOLOO,69.98,69.98,69.99,69.99
US,启动电源/亏电宝,S ZEVZO,ET03,B0C42Y5TPD,https://www.amazon.com/dp/B0C42Y5TPD,CARFIXUP DIRECT,53.99,53.99,56.99,56.99
US,启动电源/亏电宝,NOCO,GB70,B016UG6PWE,https://www.amazon.com/dp/B016UG6PWE,Amazon Resale,199.95,199.95,199.95,199.95
US,启动电源/亏电宝,NOCO,GBX45,B0924V8SPC,https://www.amazon.com/dp/B0924V8SPC,Amazon Resale,124.95,124.95,124.95,124.95
US,启动电源/亏电宝,NOCO,GBX155,B08WZFPXFM,https://www.amazon.com/dp/B08WZFPXFM,Amazon Resale,369.95,369.95,369.95,369.95
US,启动电源/亏电宝,GOOLOO,A5,B0FNMLG15N,https://www.amazon.com/dp/B0FNMLG15N,GOOLOO,99.99,99.99,99.99,99.99
US,启动电源/亏电宝,NOCO,GB150,B015TKSSB8,https://www.amazon.com/dp/B015TKSSB8,Amazon Resale,299.95,299.95,299.95,299.95
US,启动电源/亏电宝,NOCO,GB20,B015TKPT1A,https://www.amazon.com/dp/B015TKPT1A,Amazon Resale,79.95,79.95,79.95,79.95
US,启动电源/亏电宝,GOOLOO,GP400,B09HJH1S41,https://www.amazon.com/dp/B09HJH1S41,GOOLOO,89.99,89.99,89.99,129.99
US,启动电源/亏电宝,NOCO,GB50,B07MVY7K43,https://www.amazon.com/dp/B07MVY7K43,Amazon Resale,149.95,149.95,149.95,149.95
US,启动电源/亏电宝,GOOLOO,GT4000S,B09M9HQG73,https://www.amazon.com/dp/B09M9HQG73,GOOLOO,99.98,99.98,99.99,99.99
US,启动电源/亏电宝,Hulkman,ALPHA85,B08M41FX48,https://www.amazon.com/dp/B08M41FX48,HULKMAN Direct,109.99,109.99,99.99,99.99
US,启动电源/亏电宝,GOOLOO,GT6000,B0DT5YNC5Z,https://www.amazon.com/dp/B0DT5YNC5Z,GOOLOO,139.99,139.99,129.98,129.98
US,启动电源/亏电宝,NOCO,GBX75,B08WYKD6TY,https://www.amazon.com/dp/B08WYKD6TY,Amazon Resale,234.95,234.95,234.95,234.95
US,启动电源/亏电宝,AVAPOW,/,B08NPGCFSG,https://www.amazon.com/dp/B08NPGCFSG,AVAPOW Direct,149.99,149.99,149.99,149.99
US,启动电源/亏电宝,ETENWOLF,/,B0FHK13XWS,https://www.amazon.com/dp/B0FHK13XWS,Uncle Smith's Garage,59.99,59.99,49.99,49.99
US,启动电源/亏电宝,Fanttik,X9 ULTRA,B0CQK4SRD8,https://www.amazon.com/dp/B0CQK4SRD8,Fanttik Innovation Direct,199.97,199.97,159.97,159.97
US,充气泵,ETENWOLF,VORTEX S6,B0CGLTPKBZ,https://www.amazon.com/dp/B0CGLTPKBZ,Uncle Smith's Garage,129.99,119.99,104.47,104.47
US,充气泵,Fanttik,X10,B0DT11GNSB,https://www.amazon.com/dp/B0DT11GNSB,Fanttik Innovation Direct,99.99,99.99,84.99,84.99
US,充气泵,Fanttik,X10 Pro max,B0G29Q1NYC,https://www.amazon.com/dp/B0G29Q1NYC,Fanttik Innovation Direct,119.99,119.99,89.99,89.99
US,充气泵,Fanttik,X9,B0D738WY5J,https://www.amazon.com/dp/B0D738WY5J,Fanttik Innovation Direct,112.99,112.99,112.99,112.99
US,充气泵,Airmoto,/,B094DMH7ZM,https://www.amazon.com/dp/B094DMH7ZM,Airmoto Smart Pumps,69.99,69.99,69.99,59.99
US,充气泵,Airmoto,/,B0C9SVSLZJ,https://www.amazon.com/dp/B0C9SVSLZJ,Airmoto Smart Pumps,79.99,79.99,75.99,75.99
US,充气泵,DEWALT,/,B07H39S9JQ,https://www.amazon.com/dp/B07H39S9JQ,Amazon Resale,117.03,117.03,117.03,117.03
US,充气泵,ETENWOLF,VORTEX S7,B0DP32SRJK,https://www.amazon.com/dp/B0DP32SRJK,Uncle Smith's Garage,189.99,189.99,189.99,189.99
US,割草机,EGO Power+,/,B0DSFB2WBB,https://www.amazon.com/dp/B0DSFB2WBB,Amazon.com,399.00,399.00,399.00,399.00
US,割草机,EGO Power+,/,B09RNDQCV3,https://www.amazon.com/dp/B09RNDQCV3,Amazon.com,329.00,329.00,329.00,329.00
US,割草机,EGO Power+,/,B08VRZ172R,https://www.amazon.com/dp/B08VRZ172R,Amazon.com,173.00,169.00,169.00,169.00
US,割草机,EGO Power+,/,B0CPDZK5RQ,https://www.amazon.com/dp/B0CPDZK5RQ,Cutler's,548.13,540.05,539.00,539.00
US,割草机,WORX,WG572,B09SBQY7QF,https://www.amazon.com/dp/B09SBQY7QF,Amazon Resale,399.99,399.99,399.99,399.99
US,割草机,WORX,/,B0921Q62XJ,https://www.amazon.com/dp/B0921Q62XJ,Amazon Resale,219.00,219.00,218.99,218.99
US,割草机,WORX,/,B0FLXRLD3W,https://www.amazon.com/dp/B0FLXRLD3W,Amazon.com,234.99,234.99,234.99,234.99
US,割草机,WORX,/,B08XFXKJ51,https://www.amazon.com/dp/B08XFXKJ51,Amazon Resale,176.99,176.99,176.99,179.99
US,割草机,WORX,/,B0DL9SRKFH,https://www.amazon.com/dp/B0DL9SRKFH,Amazon.com,169.99,169.99,169.99,169.99
US,割草机,WORX,/,B07N2XRHKM,https://www.amazon.com/dp/B07N2XRHKM,Amazon Resale,179.99,179.99,179.99,179.99
US,割草机,DEWALT,/,B016NZGL9O,https://www.amazon.com/dp/B016NZGL9O,Amazon Resale,99.00,99.00,99.00,99.00
US,割草机,Greenworks,/,B0CLSDL517,https://www.amazon.com/dp/B0CLSDL517,Amazon Resale,249.99,249.99,249.99,249.99
US,割草机,DEWALT,/,B07SMBDW61,https://www.amazon.com/dp/B07SMBDW61,David's Tools,254.99,254.99,254.99,229.00
US,割草机,BLACK+DECKER,/,B00AXTO41E,https://www.amazon.com/dp/B00AXTO41E,Amazon Resale,149.00,149.00,149.00,149.00
US,割草机,BLACK+DECKER,/,B006Z63K1O,https://www.amazon.com/dp/B006Z63K1O,Amazon Resale,196.32,195.89,195.89,195.89
US,割草机,BLACK+DECKER,/,B00D8GWX0I,https://www.amazon.com/dp/B00D8GWX0I,Hearthshire,119.00,119.00,119.00,119.00
US,割草机,BLACK+DECKER,/,B01N6P2F8M,https://www.amazon.com/dp/B01N6P2F8M,Amazon Resale,119.92,119.92,119.92,119.92
US,割草机,BLACK+DECKER,/,B01BNMP6CU,https://www.amazon.com/dp/B01BNMP6CU,Amazon.com,92.85,92.85,92.32,65.00
US,割草机,Husqvarna,/,B0C9MZ43W3,https://www.amazon.com/dp/B0C9MZ43W3,Amazon Resale,379.00,359.00,367.10,367.10
US,割草机,Husqvarna,/,B0D1GKPD1K,https://www.amazon.com/dp/B0D1GKPD1K,Amazon Resale,319.99,319.99,319.99,319.99
US,割草机,Husqvarna,/,B0CB6GVV75,https://www.amazon.com/dp/B0CB6GVV75,CPO Outlets,229.00,229.00,367.10,229.00
US,测距仪,Blue Tees,Golf Series 3 Max+,B0FLQYD6BT,https://www.amazon.com/dp/B0FLQYD6BT,Blue Tees Golf,199.99,199.99,199.99,199.99
US,测距仪,Precision Pro,Titan,B0DD5X6L1W,https://www.amazon.com/dp/B0DD5X6L1W,Precision Pro Golf,329.99,299.99,299.99,299.99
US,测距仪,Bushnell,Tour V5,B088X3MJHF,https://www.amazon.com/dp/B088X3MJHF,B-C Video Photography,219.95,219.95,219.95,219.95
US,枪镜,AGM,Rattler V2,B0FNSV2PWM,https://www.amazon.com/dp/B0FNSV2PWM,,1545.61,1578.00,845.00,1399.02
US,枪镜,RIX,Storm S6R,B0FN7M576B,https://www.amazon.com/dp/B0FN7M576B,,999.99,999.99,2999.00,1499.00
US,枪镜,DNT,640-50,B0FSZVWBR5,https://www.amazon.com/dp/B0FSZVWBR5,DNT Optics,2599.99,2599.99,2599.99,2599.99
US,3W脚垫/内饰装饰,LASFIT,Ford F-250/F-350/F-450 2017-2026,B0CW1RB9NJ,https://www.amazon.com/dp/B0CW1RB9NJ,LASFIT LINERS Direct,124.99,124.99,124.98,124.98
US,3W脚垫/内饰装饰,LASFIT,Ford Bronco Sport 2021-2026,B0DSL96WKY,https://www.amazon.com/dp/B0DSL96WKY,LASFIT LINERS Direct,159.00,159.00,159.00,159.00
US,3W脚垫/内饰装饰,LASFIT,Tesla Model Y Juniper 2025/2026,B0DZNPRRLH,https://www.amazon.com/dp/B0DZNPRRLH,LASFIT LINERS Direct,239.00,239.00,239.00,239.00
US,3W脚垫/内饰装饰,LASFIT,Tesla Model Y 5 Seater,B0C9ZWDHPX,https://www.amazon.com/dp/B0C9ZWDHPX,LASFIT LINERS Direct,189.99,189.99,189.99,189.99
US,3W脚垫/内饰装饰,LASFIT,Ford F-150 2015-2026,B0896RQ7VT,https://www.amazon.com/dp/B0896RQ7VT,LASFIT LINERS Direct,124.99,124.99,124.98,124.98
