市场,产品线,竞争品牌,竞品型号,ASIN
US,记录仪-小机器,ROVE,R2-4K DUAL,B0D6J5B98H
US,记录仪-小机器,VIOFO,A229 Plus,B0CKX14L34
US,记录仪-小机器,Garmin,Dash Cam Mini 3,B0DDM7PFLW
US,记录仪-小机器,70mai,M310,B09P14VT3C
US,记录仪-小机器,ROVE,R2-4K,B074JT3698
US,记录仪-小机器,VIOFO,A119 Mini 2,B0C5MVB7NX
US,记录仪-小机器,VIOFO,A229 Pro 2CH,B0CKYFSKNN
US,记录仪-小机器,VIOFO,A329S 2CH,B0FFT3YBH7
US,记录仪-小机器,VIOFO,A329S 3CH,B0FFT52P6R
US,记录仪-小机器,VANTRUE,N4S 3CH,B0FXWYWM8L
US,记录仪-小机器,VANTRUE,N2X,B0D9GRRXH5
US,记录仪-小机器,VANTRUE,N4 Pro S 3CH,B0FG7ZX4R4
US,记录仪-小机器,VANTRUE,E1 Pro,B0F8BQW4TR
US,记录仪-小机器,VANTRUE,E360 Plus,B0FBGPSV5B
US,记录仪-小机器,ROVE,R2-4K Pro,B0BZRKRBHP
US,记录仪-小机器,VIOFO,A119M Pro,B0FY1PQ1GR
US,记录仪-小机器,70mai,A810S,B0C9TBZF8X
US,记录仪-小机器,70mai,A800SE-1,B09YCZ7PYW
US,记录仪-小机器,70mai,A510,B0D6C59PZ9
US,记录仪-小机器,70mai,T800,B0FGJ89XBJ
US,记录仪-小机器,70mai,X800,B0DSBY97W9
US,记录仪-小机器,DDPAI,Z90 MASTER 2CH,B0G3WMBG64
US,记录仪-小机器,DDPAI,Z90 MASTER 3CH,B0G3WQSQ8C
US,记录仪-小机器,GKU,D600,B0CBV154W1
US,记录仪-小机器,GKU,D600Pro,B0D4HBQR8G
US,记录仪-后视镜,Pelsee,P12 Pro,B0BF4WCZ8Q
US,记录仪-后视镜,Pelsee,S12 Pro,B0F847CTQX
US,记录仪-后视镜,Pelsee,P12 Plus,B0D7SQQ3NY
US,改装-车把手,Rough Country,/,B0D1T4DQ8B
US,洗车风枪,FRESMOL,/,B0CFQC4DB3
US,洗车风枪,CAGIWIRU,/,B0FM43GXDJ
US,洗车风枪,ZOAIVR,/,B0F5HNWHTX
US,洗车风枪,VASSON,/,B0DSHVRDJ6
US,洗车风枪,JVSCAM,X3,B0DQNMJ2CX
US,洗车风枪,Fanttik,B10 Pro Max,B0FH6PT5GC
US,洗车风枪,Roedix,/,B0F53JRXZL
US,洗车风枪,ZOZOO,/,B0G11B7G3B
US,洗车风枪,Fanttik,B11 Pro Max,B0GLDY9SXR
US,洗车风枪,Fanttik,Gust B11 Mix,B0GF7H1TJC
US,洗车风枪,Fitnac,/,B0FSKLSXRQ
US,启动电源/亏电宝,NOCO,GB40,B015TKUPIC
US,启动电源/亏电宝,GOOLOO,A3,B0D4DLXNR1
US,启动电源/亏电宝,S ZEVZO,ET03,B0C42Y5TPD
US,启动电源/亏电宝,NOCO,GB70,B016UG6PWE
US,启动电源/亏电宝,NOCO,GBX45,B0924V8SPC
US,启动电源/亏电宝,NOCO,GBX155,B08WZFPXFM
US,启动电源/亏电宝,GOOLOO,A5,B0FNMLG15N
US,启动电源/亏电宝,NOCO,GB150,B015TKSSB8
US,启动电源/亏电宝,NOCO,GB20,B015TKPT1A
US,启动电源/亏电宝,GOOLOO,GP400,B09HJH1S41
US,启动电源/亏电宝,NOCO,GB50,B07MVY7K43
US,启动电源/亏电宝,GOOLOO,GT4000S,B09M9HQG73
US,启动电源/亏电宝,Hulkman,ALPHA85,B08M41FX48
US,启动电源/亏电宝,GOOLOO,GT6000,B0DT5YNC5Z
US,启动电源/亏电宝,NOCO,GBX75,B08WYKD6TY
US,启动电源/亏电宝,AVAPOW,/,B08NPGCFSG
US,启动电源/亏电宝,ETENWOLF,/,B0FHK13XWS
US,启动电源/亏电宝,Fanttik,X9 ULTRA,B0CQK4SRD8
US,充气泵,ETENWOLF,VORTEX S6,B0CGLTPKBZ
US,充气泵,Fanttik,X10,B0DT11GNSB
US,充气泵,Fanttik,X10 Pro max,B0G29Q1NYC
US,充气泵,Fanttik,X9,B0D738WY5J
US,充气泵,Airmoto,/,B094DMH7ZM
US,充气泵,Airmoto,/,B0C9SVSLZJ
US,充气泵,DEWALT,/,B07H39S9JQ
US,充气泵,ETENWOLF,VORTEX S7,B0DP32SRJK
US,割草机,EGO Power+,/,B0DSFB2WBB
US,割草机,EGO Power+,/,B09RNDQCV3
US,割草机,EGO Power+,/,B08VRZ172R
US,割草机,EGO Power+,/,B0CPDZK5RQ
US,割草机,WORX,WG572,B09SBQY7QF
US,割草机,WORX,/,B0921Q62XJ
US,割草机,WORX,/,B0FLXRLD3W
US,割草机,WORX,/,B08XFXKJ51
US,割草机,WORX,/,B0DL9SRKFH
US,割草机,WORX,/,B07N2XRHKM
US,割草机,DEWALT,/,B016NZGL9O
US,割草机,Greenworks,/,B0CLSDL517
US,割草机,DEWALT,/,B07SMBDW61
US,割草机,BLACK+DECKER,/,B00AXTO41E
US,割草机,BLACK+DECKER,/,B006Z63K1O
US,割草机,BLACK+DECKER,/,B00D8GWX0I
US,割草机,BLACK+DECKER,/,B01N6P2F8M
US,割草机,BLACK+DECKER,/,B01BNMP6CU
US,割草机,Husqvarna,/,B0C9MZ43W3
US,割草机,Husqvarna,/,B0D1GKPD1K
US,割草机,Husqvarna,/,B0CB6GVV75
US,测距仪,Blue Tees,Golf Series 3 Max+,B0FLQYD6BT
US,测距仪,Precision Pro,Titan,B0DD5X6L1W
US,测距仪,Bushnell,Tour V5,B088X3MJHF
US,枪镜,AGM,Rattler V2,B0FNSV2PWM
US,枪镜,RIX,Storm S6R,B0FN7M576B
US,枪镜,DNT,640-50,B0FSZVWBR5
US,3W脚垫/内饰装饰,LASFIT,Ford F-250/F-350/F-450 2017-2026,B0CW1RB9NJ
US,3W脚垫/内饰装饰,LASFIT,Ford Bronco Sport 2021-2026,B0DSL96WKY
US,3W脚垫/内饰装饰,LASFIT,Tesla Model Y Juniper 2025/2026,B0DZNPRRLH
US,3W脚垫/内饰装饰,LASFIT,Tesla Model Y 5 Seater,B0C9ZWDHPX
US,3W脚垫/内饰装饰,LASFIT,Ford F-150 2015-2026,B0896RQ7VT
